Sales,Date
9990.0,2001-01-02
9980.0,2001-01-03
9970.0,2001-01-04
9960.0,2001-01-05
9950.0,2001-01-06
9940.0,2001-01-07
9930.0,2001-01-08
9920.0,2001-01-09
9910.0,2001-01-10
9900.0,2001-01-11
9891.0,2001-01-12
9881.0,2001-01-13
9871.0,2001-01-14
9861.0,2001-01-15
9851.0,2001-01-16
9841.0,2001-01-17
9831.0,2001-01-18
9822.0,2001-01-19
9812.0,2001-01-20
9802.0,2001-01-21
9792.0,2001-01-22
9782.0,2001-01-23
9773.0,2001-01-24
9763.0,2001-01-25
9851.0,2001-01-26
9841.0,2001-01-27
9831.0,2001-01-28
9821.0,2001-01-29
9811.0,2001-01-30
9801.0,2001-01-31
9792.0,2001-02-01
9782.0,2001-02-02
9772.0,2001-02-03
9762.0,2001-02-04
9752.0,2001-02-05
9743.0,2001-02-06
9733.0,2001-02-07
9723.0,2001-02-08
9713.0,2001-02-09
9704.0,2001-02-10
9694.0,2001-02-11
9684.0,2001-02-12
9433.0,2001-02-13
9423.0,2001-02-14
9414.0,2001-02-15
9405.0,2001-02-16
9395.0,2001-02-17
9386.0,2001-02-18
9142.0,2001-02-19
9133.0,2001-02-20
9124.0,2001-02-21
9115.0,2001-02-22
9105.0,2001-02-23
9096.0,2001-02-24
9087.0,2001-02-25
9078.0,2001-02-26
9069.0,2001-02-27
9060.0,2001-02-28
9051.0,2001-03-01
9042.0,2001-03-02
9033.0,2001-03-03
9024.0,2001-03-04
8789.0,2001-03-05
8781.0,2001-03-06
8772.0,2001-03-07
8763.0,2001-03-08
8754.0,2001-03-09
8746.0,2001-03-10
8737.0,2001-03-11
8728.0,2001-03-12
8719.0,2001-03-13
8711.0,2001-03-14
8702.0,2001-03-15
8693.0,2001-03-16
8685.0,2001-03-17
8676.0,2001-03-18
8667.0,2001-03-19
8659.0,2001-03-20
8650.0,2001-03-21
8641.0,2001-03-22
8633.0,2001-03-23
8624.0,2001-03-24
8615.0,2001-03-25
8607.0,2001-03-26
8598.0,2001-03-27
8589.0,2001-03-28
8581.0,2001-03-29
8572.0,2001-03-30
8564.0,2001-03-31
8555.0,2001-04-01
8547.0,2001-04-02
8538.0,2001-04-03
8530.0,2001-04-04
8521.0,2001-04-05
8512.0,2001-04-06
8504.0,2001-04-07
8495.0,2001-04-08
8487.0,2001-04-09
8478.0,2001-04-10
8470.0,2001-04-11
8462.0,2001-04-12
8453.0,2001-04-13
8445.0,2001-04-14
8436.0,2001-04-15
8428.0,2001-04-16
8419.0,2001-04-17
8411.0,2001-04-18
8402.0,2001-04-19
8394.0,2001-04-20
8386.0,2001-04-21
8168.0,2001-04-22
8160.0,2001-04-23
8152.0,2001-04-24
8143.0,2001-04-25
8135.0,2001-04-26
8127.0,2001-04-27
8119.0,2001-04-28
8111.0,2001-04-29
8103.0,2001-04-30
8095.0,2001-05-01
8087.0,2001-05-02
8078.0,2001-05-03
8070.0,2001-05-04
8062.0,2001-05-05
8054.0,2001-05-06
8046.0,2001-05-07
8038.0,2001-05-08
8030.0,2001-05-09
8022.0,2001-05-10
8014.0,2001-05-11
8006.0,2001-05-12
7998.0,2001-05-13
7990.0,2001-05-14
7982.0,2001-05-15
7974.0,2001-05-16
7966.0,2001-05-17
7958.0,2001-05-18
7950.0,2001-05-19
7942.0,2001-05-20
7934.0,2001-05-21
7926.0,2001-05-22
7918.0,2001-05-23
7911.0,2001-05-24
7903.0,2001-05-25
7895.0,2001-05-26
7887.0,2001-05-27
7879.0,2001-05-28
7871.0,2001-05-29
7863.0,2001-05-30
7855.0,2001-05-31
7847.0,2001-06-01
7840.0,2001-06-02
7832.0,2001-06-03
7824.0,2001-06-04
7816.0,2001-06-05
7808.0,2001-06-06
7800.0,2001-06-07
7793.0,2001-06-08
7785.0,2001-06-09
7777.0,2001-06-10
7769.0,2001-06-11
7762.0,2001-06-12
7754.0,2001-06-13
7746.0,2001-06-14
7738.0,2001-06-15
7731.0,2001-06-16
7723.0,2001-06-17
7715.0,2001-06-18
7707.0,2001-06-19
7700.0,2001-06-20
7692.0,2001-06-21
7684.0,2001-06-22
7677.0,2001-06-23
7669.0,2001-06-24
7661.0,2001-06-25
7654.0,2001-06-26
7646.0,2001-06-27
7638.0,2001-06-28
7631.0,2001-06-29
7623.0,2001-06-30
7615.0,2001-07-01
7608.0,2001-07-02
7600.0,2001-07-03
7593.0,2001-07-04
7395.0,2001-07-05
7388.0,2001-07-06
7381.0,2001-07-07
7373.0,2001-07-08
7366.0,2001-07-09
7358.0,2001-07-10
7351.0,2001-07-11
7344.0,2001-07-12
7336.0,2001-07-13
7329.0,2001-07-14
7322.0,2001-07-15
7314.0,2001-07-16
7307.0,2001-07-17
7300.0,2001-07-18
7293.0,2001-07-19
7285.0,2001-07-20
7278.0,2001-07-21
7271.0,2001-07-22
7263.0,2001-07-23
7256.0,2001-07-24
7068.0,2001-07-25
7061.0,2001-07-26
7054.0,2001-07-27
7046.0,2001-07-28
7039.0,2001-07-29
7032.0,2001-07-30
7025.0,2001-07-31
7018.0,2001-08-01
7011.0,2001-08-02
7004.0,2001-08-03
6997.0,2001-08-04
6990.0,2001-08-05
6983.0,2001-08-06
6976.0,2001-08-07
6969.0,2001-08-08
6962.0,2001-08-09
6955.0,2001-08-10
6948.0,2001-08-11
6941.0,2001-08-12
6935.0,2001-08-13
6928.0,2001-08-14
6921.0,2001-08-15
6914.0,2001-08-16
6907.0,2001-08-17
6900.0,2001-08-18
6893.0,2001-08-19
6886.0,2001-08-20
6879.0,2001-08-21
6872.0,2001-08-22
6866.0,2001-08-23
6859.0,2001-08-24
6680.0,2001-08-25
6674.0,2001-08-26
6667.0,2001-08-27
6660.0,2001-08-28
6654.0,2001-08-29
6647.0,2001-08-30
6641.0,2001-08-31
6634.0,2001-09-01
6627.0,2001-09-02
6621.0,2001-09-03
6614.0,2001-09-04
6607.0,2001-09-05
6601.0,2001-09-06
6594.0,2001-09-07
6588.0,2001-09-08
6581.0,2001-09-09
6574.0,2001-09-10
6568.0,2001-09-11
6561.0,2001-09-12
6555.0,2001-09-13
6548.0,2001-09-14
6542.0,2001-09-15
6535.0,2001-09-16
6529.0,2001-09-17
6522.0,2001-09-18
6515.0,2001-09-19
6509.0,2001-09-20
6340.0,2001-09-21
6334.0,2001-09-22
6327.0,2001-09-23
6384.0,2001-09-24
6378.0,2001-09-25
6371.0,2001-09-26
6365.0,2001-09-27
6359.0,2001-09-28
6352.0,2001-09-29
6346.0,2001-09-30
6340.0,2001-10-01
6333.0,2001-10-02
6327.0,2001-10-03
6321.0,2001-10-04
6314.0,2001-10-05
6308.0,2001-10-06
6302.0,2001-10-07
6295.0,2001-10-08
6289.0,2001-10-09
6283.0,2001-10-10
6276.0,2001-10-11
6270.0,2001-10-12
6264.0,2001-10-13
6258.0,2001-10-14
6251.0,2001-10-15
6245.0,2001-10-16
6239.0,2001-10-17
6233.0,2001-10-18
6226.0,2001-10-19
6220.0,2001-10-20
6059.0,2001-10-21
6053.0,2001-10-22
6046.0,2001-10-23
6040.0,2001-10-24
6034.0,2001-10-25
6028.0,2001-10-26
6022.0,2001-10-27
5866.0,2001-10-28
5860.0,2001-10-29
5854.0,2001-10-30
5848.0,2001-10-31
5842.0,2001-11-01
5837.0,2001-11-02
5831.0,2001-11-03
5825.0,2001-11-04
5819.0,2001-11-05
5813.0,2001-11-06
5808.0,2001-11-07
5802.0,2001-11-08
5796.0,2001-11-09
5790.0,2001-11-10
5784.0,2001-11-11
5779.0,2001-11-12
5773.0,2001-11-13
5767.0,2001-11-14
5761.0,2001-11-15
5755.0,2001-11-16
5750.0,2001-11-17
5744.0,2001-11-18
5738.0,2001-11-19
5732.0,2001-11-20
5727.0,2001-11-21
5721.0,2001-11-22
5715.0,2001-11-23
5710.0,2001-11-24
5704.0,2001-11-25
5698.0,2001-11-26
5692.0,2001-11-27
5687.0,2001-11-28
5681.0,2001-11-29
5675.0,2001-11-30
5670.0,2001-12-01
5664.0,2001-12-02
5658.0,2001-12-03
5653.0,2001-12-04
5647.0,2001-12-05
5641.0,2001-12-06
5636.0,2001-12-07
5630.0,2001-12-08
5625.0,2001-12-09
5619.0,2001-12-10
5613.0,2001-12-11
5608.0,2001-12-12
5602.0,2001-12-13
5596.0,2001-12-14
5591.0,2001-12-15
5585.0,2001-12-16
5580.0,2001-12-17
5574.0,2001-12-18
5569.0,2001-12-19
5563.0,2001-12-20
5557.0,2001-12-21
5552.0,2001-12-22
5546.0,2001-12-23
5541.0,2001-12-24
5535.0,2001-12-25
5530.0,2001-12-26
5524.0,2001-12-27
5519.0,2001-12-28
5513.0,2001-12-29
5508.0,2001-12-30
5502.0,2001-12-31
5497.0,2002-01-01
5491.0,2002-01-02
5486.0,2002-01-03
5480.0,2002-01-04
5475.0,2002-01-05
5469.0,2002-01-06
5464.0,2002-01-07
5458.0,2002-01-08
5453.0,2002-01-09
5447.0,2002-01-10
5442.0,2002-01-11
5436.0,2002-01-12
5431.0,2002-01-13
5426.0,2002-01-14
5420.0,2002-01-15
5415.0,2002-01-16
5463.0,2002-01-17
5458.0,2002-01-18
5452.0,2002-01-19
5447.0,2002-01-20
5442.0,2002-01-21
5436.0,2002-01-22
5431.0,2002-01-23
5425.0,2002-01-24
5420.0,2002-01-25
5414.0,2002-01-26
5409.0,2002-01-27
5404.0,2002-01-28
5398.0,2002-01-29
5393.0,2002-01-30
5387.0,2002-01-31
5382.0,2002-02-01
5377.0,2002-02-02
5371.0,2002-02-03
5366.0,2002-02-04
5361.0,2002-02-05
5355.0,2002-02-06
5350.0,2002-02-07
5344.0,2002-02-08
5339.0,2002-02-09
5334.0,2002-02-10
5328.0,2002-02-11
5323.0,2002-02-12
5318.0,2002-02-13
5312.0,2002-02-14
5307.0,2002-02-15
5302.0,2002-02-16
5297.0,2002-02-17
5291.0,2002-02-18
5286.0,2002-02-19
5281.0,2002-02-20
5275.0,2002-02-21
5270.0,2002-02-22
5265.0,2002-02-23
5260.0,2002-02-24
5254.0,2002-02-25
5249.0,2002-02-26
5244.0,2002-02-27
5239.0,2002-02-28
5233.0,2002-03-01
5228.0,2002-03-02
5223.0,2002-03-03
5218.0,2002-03-04
5212.0,2002-03-05
5207.0,2002-03-06
5202.0,2002-03-07
5197.0,2002-03-08
5192.0,2002-03-09
5186.0,2002-03-10
5181.0,2002-03-11
5176.0,2002-03-12
5171.0,2002-03-13
5166.0,2002-03-14
5161.0,2002-03-15
5155.0,2002-03-16
5150.0,2002-03-17
5145.0,2002-03-18
5140.0,2002-03-19
5135.0,2002-03-20
5130.0,2002-03-21
5125.0,2002-03-22
5119.0,2002-03-23
5114.0,2002-03-24
5109.0,2002-03-25
5104.0,2002-03-26
5099.0,2002-03-27
5094.0,2002-03-28
5089.0,2002-03-29
5084.0,2002-03-30
5079.0,2002-03-31
5073.0,2002-04-01
5068.0,2002-04-02
5063.0,2002-04-03
5058.0,2002-04-04
5053.0,2002-04-05
5048.0,2002-04-06
5043.0,2002-04-07
5038.0,2002-04-08
5033.0,2002-04-09
5028.0,2002-04-10
5023.0,2002-04-11
5018.0,2002-04-12
5013.0,2002-04-13
5008.0,2002-04-14
5003.0,2002-04-15
4998.0,2002-04-16
4993.0,2002-04-17
4988.0,2002-04-18
4983.0,2002-04-19
4978.0,2002-04-20
4973.0,2002-04-21
4968.0,2002-04-22
4963.0,2002-04-23
4958.0,2002-04-24
4953.0,2002-04-25
4948.0,2002-04-26
4943.0,2002-04-27
4938.0,2002-04-28
4933.0,2002-04-29
4928.0,2002-04-30
4923.0,2002-05-01
4919.0,2002-05-02
4914.0,2002-05-03
4909.0,2002-05-04
4904.0,2002-05-05
4899.0,2002-05-06
4894.0,2002-05-07
4767.0,2002-05-08
4762.0,2002-05-09
4757.0,2002-05-10
4753.0,2002-05-11
4748.0,2002-05-12
4743.0,2002-05-13
4738.0,2002-05-14
4781.0,2002-05-15
4776.0,2002-05-16
4771.0,2002-05-17
4767.0,2002-05-18
4762.0,2002-05-19
4757.0,2002-05-20
4752.0,2002-05-21
4748.0,2002-05-22
4743.0,2002-05-23
4738.0,2002-05-24
4733.0,2002-05-25
4729.0,2002-05-26
4724.0,2002-05-27
4719.0,2002-05-28
4714.0,2002-05-29
4710.0,2002-05-30
4705.0,2002-05-31
4700.0,2002-06-01
4696.0,2002-06-02
4691.0,2002-06-03
4686.0,2002-06-04
4682.0,2002-06-05
4677.0,2002-06-06
4672.0,2002-06-07
4668.0,2002-06-08
4663.0,2002-06-09
4658.0,2002-06-10
4654.0,2002-06-11
4649.0,2002-06-12
4644.0,2002-06-13
4640.0,2002-06-14
4635.0,2002-06-15
4630.0,2002-06-16
4626.0,2002-06-17
4621.0,2002-06-18
4616.0,2002-06-19
4612.0,2002-06-20
4607.0,2002-06-21
4603.0,2002-06-22
4598.0,2002-06-23
4593.0,2002-06-24
4589.0,2002-06-25
4584.0,2002-06-26
4580.0,2002-06-27
4575.0,2002-06-28
4616.0,2002-06-29
4612.0,2002-06-30
4607.0,2002-07-01
4602.0,2002-07-02
4598.0,2002-07-03
4593.0,2002-07-04
4589.0,2002-07-05
4584.0,2002-07-06
4579.0,2002-07-07
4575.0,2002-07-08
4570.0,2002-07-09
4566.0,2002-07-10
4561.0,2002-07-11
4557.0,2002-07-12
4552.0,2002-07-13
4547.0,2002-07-14
4543.0,2002-07-15
4538.0,2002-07-16
4534.0,2002-07-17
4529.0,2002-07-18
4525.0,2002-07-19
4520.0,2002-07-20
4516.0,2002-07-21
4511.0,2002-07-22
4507.0,2002-07-23
4502.0,2002-07-24
4498.0,2002-07-25
4493.0,2002-07-26
4489.0,2002-07-27
4484.0,2002-07-28
4480.0,2002-07-29
4520.0,2002-07-30
4515.0,2002-07-31
4511.0,2002-08-01
4506.0,2002-08-02
4502.0,2002-08-03
4385.0,2002-08-04
4381.0,2002-08-05
4376.0,2002-08-06
4372.0,2002-08-07
4367.0,2002-08-08
4363.0,2002-08-09
4359.0,2002-08-10
4354.0,2002-08-11
4350.0,2002-08-12
4346.0,2002-08-13
4341.0,2002-08-14
4337.0,2002-08-15
4333.0,2002-08-16
4328.0,2002-08-17
4324.0,2002-08-18
4320.0,2002-08-19
4315.0,2002-08-20
4311.0,2002-08-21
4307.0,2002-08-22
4302.0,2002-08-23
4298.0,2002-08-24
4294.0,2002-08-25
4290.0,2002-08-26
4285.0,2002-08-27
4281.0,2002-08-28
4277.0,2002-08-29
4272.0,2002-08-30
4268.0,2002-08-31
4264.0,2002-09-01
4260.0,2002-09-02
4255.0,2002-09-03
4145.0,2002-09-04
4037.0,2002-09-05
4033.0,2002-09-06
4029.0,2002-09-07
4065.0,2002-09-08
4061.0,2002-09-09
4057.0,2002-09-10
4053.0,2002-09-11
4049.0,2002-09-12
4045.0,2002-09-13
4041.0,2002-09-14
4077.0,2002-09-15
4073.0,2002-09-16
4069.0,2002-09-17
4065.0,2002-09-18
4061.0,2002-09-19
4057.0,2002-09-20
4053.0,2002-09-21
4049.0,2002-09-22
4045.0,2002-09-23
4041.0,2002-09-24
4037.0,2002-09-25
4033.0,2002-09-26
4029.0,2002-09-27
4025.0,2002-09-28
4021.0,2002-09-29
4017.0,2002-09-30
4013.0,2002-10-01
4009.0,2002-10-02
4004.0,2002-10-03
4000.0,2002-10-04
3996.0,2002-10-05
3992.0,2002-10-06
3989.0,2002-10-07
3985.0,2002-10-08
3981.0,2002-10-09
3977.0,2002-10-10
3973.0,2002-10-11
3969.0,2002-10-12
3965.0,2002-10-13
3961.0,2002-10-14
3957.0,2002-10-15
3953.0,2002-10-16
3949.0,2002-10-17
3945.0,2002-10-18
3941.0,2002-10-19
3937.0,2002-10-20
3933.0,2002-10-21
3929.0,2002-10-22
3925.0,2002-10-23
3921.0,2002-10-24
3917.0,2002-10-25
3913.0,2002-10-26
3909.0,2002-10-27
3906.0,2002-10-28
3804.0,2002-10-29
3800.0,2002-10-30
3797.0,2002-10-31
3793.0,2002-11-01
3789.0,2002-11-02
3785.0,2002-11-03
3687.0,2002-11-04
3683.0,2002-11-05
3679.0,2002-11-06
3676.0,2002-11-07
3672.0,2002-11-08
3668.0,2002-11-09
3665.0,2002-11-10
3661.0,2002-11-11
3657.0,2002-11-12
3654.0,2002-11-13
3650.0,2002-11-14
3646.0,2002-11-15
3643.0,2002-11-16
3639.0,2002-11-17
3636.0,2002-11-18
3632.0,2002-11-19
3628.0,2002-11-20
3625.0,2002-11-21
3657.0,2002-11-22
3654.0,2002-11-23
3650.0,2002-11-24
3646.0,2002-11-25
3643.0,2002-11-26
3639.0,2002-11-27
3635.0,2002-11-28
3632.0,2002-11-29
3628.0,2002-11-30
3624.0,2002-12-01
3621.0,2002-12-02
3617.0,2002-12-03
3614.0,2002-12-04
3610.0,2002-12-05
3516.0,2002-12-06
3513.0,2002-12-07
3509.0,2002-12-08
3506.0,2002-12-09
3502.0,2002-12-10
3499.0,2002-12-11
3495.0,2002-12-12
3492.0,2002-12-13
3488.0,2002-12-14
3485.0,2002-12-15
3481.0,2002-12-16
3478.0,2002-12-17
3474.0,2002-12-18
3384.0,2002-12-19
3381.0,2002-12-20
3377.0,2002-12-21
3374.0,2002-12-22
3370.0,2002-12-23
3367.0,2002-12-24
3364.0,2002-12-25
3360.0,2002-12-26
3357.0,2002-12-27
3354.0,2002-12-28
3350.0,2002-12-29
3347.0,2002-12-30
3344.0,2002-12-31
3340.0,2003-01-01
3337.0,2003-01-02
3334.0,2003-01-03
3330.0,2003-01-04
3327.0,2003-01-05
3324.0,2003-01-06
3320.0,2003-01-07
3317.0,2003-01-08
3347.0,2003-01-09
3343.0,2003-01-10
3257.0,2003-01-11
3253.0,2003-01-12
3250.0,2003-01-13
3247.0,2003-01-14
3244.0,2003-01-15
3240.0,2003-01-16
3237.0,2003-01-17
3234.0,2003-01-18
3231.0,2003-01-19
3227.0,2003-01-20
3224.0,2003-01-21
3221.0,2003-01-22
3250.0,2003-01-23
3247.0,2003-01-24
3243.0,2003-01-25
3240.0,2003-01-26
3237.0,2003-01-27
3234.0,2003-01-28
3230.0,2003-01-29
3227.0,2003-01-30
3224.0,2003-01-31
3221.0,2003-02-01
3218.0,2003-02-02
3214.0,2003-02-03
3211.0,2003-02-04
3208.0,2003-02-05
3205.0,2003-02-06
3201.0,2003-02-07
3198.0,2003-02-08
3195.0,2003-02-09
3192.0,2003-02-10
3189.0,2003-02-11
3186.0,2003-02-12
3182.0,2003-02-13
3179.0,2003-02-14
3097.0,2003-02-15
3093.0,2003-02-16
3090.0,2003-02-17
3087.0,2003-02-18
3084.0,2003-02-19
3081.0,2003-02-20
3078.0,2003-02-21
3075.0,2003-02-22
3072.0,2003-02-23
3069.0,2003-02-24
3066.0,2003-02-25
3063.0,2003-02-26
3060.0,2003-02-27
3087.0,2003-02-28
3084.0,2003-03-01
3081.0,2003-03-02
3078.0,2003-03-03
3075.0,2003-03-04
3072.0,2003-03-05
3069.0,2003-03-06
3066.0,2003-03-07
3063.0,2003-03-08
2983.0,2003-03-09
2980.0,2003-03-10
2977.0,2003-03-11
2974.0,2003-03-12
2971.0,2003-03-13
2968.0,2003-03-14
2965.0,2003-03-15
2962.0,2003-03-16
2959.0,2003-03-17
2956.0,2003-03-18
2953.0,2003-03-19
2950.0,2003-03-20
2874.0,2003-03-21
2799.0,2003-03-22
2796.0,2003-03-23
2793.0,2003-03-24
2791.0,2003-03-25
2718.0,2003-03-26
2715.0,2003-03-27
2713.0,2003-03-28
2710.0,2003-03-29
2707.0,2003-03-30
2705.0,2003-03-31
2702.0,2003-04-01
2699.0,2003-04-02
2696.0,2003-04-03
2694.0,2003-04-04
2691.0,2003-04-05
2688.0,2003-04-06
2686.0,2003-04-07
2683.0,2003-04-08
2680.0,2003-04-09
2678.0,2003-04-10
2675.0,2003-04-11
2672.0,2003-04-12
2670.0,2003-04-13
2667.0,2003-04-14
2664.0,2003-04-15
2662.0,2003-04-16
2659.0,2003-04-17
2656.0,2003-04-18
2680.0,2003-04-19
2678.0,2003-04-20
2675.0,2003-04-21
2672.0,2003-04-22
2669.0,2003-04-23
2667.0,2003-04-24
2664.0,2003-04-25
2661.0,2003-04-26
2659.0,2003-04-27
2656.0,2003-04-28
2654.0,2003-04-29
2651.0,2003-04-30
2648.0,2003-05-01
2646.0,2003-05-02
2643.0,2003-05-03
2640.0,2003-05-04
2572.0,2003-05-05
2569.0,2003-05-06
2567.0,2003-05-07
2564.0,2003-05-08
2561.0,2003-05-09
2559.0,2003-05-10
2556.0,2003-05-11
2554.0,2003-05-12
2551.0,2003-05-13
2549.0,2003-05-14
2546.0,2003-05-15
2544.0,2003-05-16
2541.0,2003-05-17
2538.0,2003-05-18
2536.0,2003-05-19
2533.0,2003-05-20
2531.0,2003-05-21
2528.0,2003-05-22
2526.0,2003-05-23
2523.0,2003-05-24
2521.0,2003-05-25
2518.0,2003-05-26
2516.0,2003-05-27
2513.0,2003-05-28
2511.0,2003-05-29
2508.0,2003-05-30
2506.0,2003-05-31
2503.0,2003-06-01
2501.0,2003-06-02
2498.0,2003-06-03
2496.0,2003-06-04
2493.0,2003-06-05
2491.0,2003-06-06
2488.0,2003-06-07
2486.0,2003-06-08
2483.0,2003-06-09
2481.0,2003-06-10
2478.0,2003-06-11
2476.0,2003-06-12
2473.0,2003-06-13
2471.0,2003-06-14
2468.0,2003-06-15
2466.0,2003-06-16
2463.0,2003-06-17
2461.0,2003-06-18
2458.0,2003-06-19
2456.0,2003-06-20
2454.0,2003-06-21
2451.0,2003-06-22
2449.0,2003-06-23
2446.0,2003-06-24
2444.0,2003-06-25
2441.0,2003-06-26
2439.0,2003-06-27
2436.0,2003-06-28
2434.0,2003-06-29
2432.0,2003-06-30
2429.0,2003-07-01
2427.0,2003-07-02
2424.0,2003-07-03
2422.0,2003-07-04
2419.0,2003-07-05
2417.0,2003-07-06
2415.0,2003-07-07
2412.0,2003-07-08
2410.0,2003-07-09
2407.0,2003-07-10
2405.0,2003-07-11
2403.0,2003-07-12
2400.0,2003-07-13
2398.0,2003-07-14
2395.0,2003-07-15
2393.0,2003-07-16
2391.0,2003-07-17
2388.0,2003-07-18
2386.0,2003-07-19
2324.0,2003-07-20
2321.0,2003-07-21
2319.0,2003-07-22
2317.0,2003-07-23
2315.0,2003-07-24
2312.0,2003-07-25
2310.0,2003-07-26
2308.0,2003-07-27
2305.0,2003-07-28
2303.0,2003-07-29
2301.0,2003-07-30
2298.0,2003-07-31
2239.0,2003-08-01
2236.0,2003-08-02
2234.0,2003-08-03
2232.0,2003-08-04
2230.0,2003-08-05
2228.0,2003-08-06
2225.0,2003-08-07
2223.0,2003-08-08
2221.0,2003-08-09
2219.0,2003-08-10
2216.0,2003-08-11
2214.0,2003-08-12
2212.0,2003-08-13
2210.0,2003-08-14
2208.0,2003-08-15
2205.0,2003-08-16
2203.0,2003-08-17
2201.0,2003-08-18
2199.0,2003-08-19
2197.0,2003-08-20
2194.0,2003-08-21
2192.0,2003-08-22
2190.0,2003-08-23
2188.0,2003-08-24
2186.0,2003-08-25
2183.0,2003-08-26
2181.0,2003-08-27
2179.0,2003-08-28
2177.0,2003-08-29
2175.0,2003-08-30
2172.0,2003-08-31
2170.0,2003-09-01
2168.0,2003-09-02
2166.0,2003-09-03
2164.0,2003-09-04
2162.0,2003-09-05
2159.0,2003-09-06
2157.0,2003-09-07
2155.0,2003-09-08
2153.0,2003-09-09
2151.0,2003-09-10
2149.0,2003-09-11
2147.0,2003-09-12
2144.0,2003-09-13
2142.0,2003-09-14
2140.0,2003-09-15
2138.0,2003-09-16
2136.0,2003-09-17
2134.0,2003-09-18
2132.0,2003-09-19
2129.0,2003-09-20
2127.0,2003-09-21
2125.0,2003-09-22
2123.0,2003-09-23
2121.0,2003-09-24
2119.0,2003-09-25
2117.0,2003-09-26
2136.0,2003-09-27
2134.0,2003-09-28
2131.0,2003-09-29
2129.0,2003-09-30
2127.0,2003-10-01
2125.0,2003-10-02
2123.0,2003-10-03
2121.0,2003-10-04
2119.0,2003-10-05
2117.0,2003-10-06
2114.0,2003-10-07
2112.0,2003-10-08
2110.0,2003-10-09
2108.0,2003-10-10
2106.0,2003-10-11
2104.0,2003-10-12
2102.0,2003-10-13
2100.0,2003-10-14
2098.0,2003-10-15
2096.0,2003-10-16
2093.0,2003-10-17
2091.0,2003-10-18
2089.0,2003-10-19
2087.0,2003-10-20
2085.0,2003-10-21
2083.0,2003-10-22
2081.0,2003-10-23
2079.0,2003-10-24
2077.0,2003-10-25
2075.0,2003-10-26
2073.0,2003-10-27
2071.0,2003-10-28
2089.0,2003-10-29
2087.0,2003-10-30
2085.0,2003-10-31
2083.0,2003-11-01
2081.0,2003-11-02
2079.0,2003-11-03
2077.0,2003-11-04
2075.0,2003-11-05
2072.0,2003-11-06
2070.0,2003-11-07
2017.0,2003-11-08
2015.0,2003-11-09
2013.0,2003-11-10
2011.0,2003-11-11
2009.0,2003-11-12
2007.0,2003-11-13
2005.0,2003-11-14
2003.0,2003-11-15
2001.0,2003-11-16
1999.0,2003-11-17
1997.0,2003-11-18
1995.0,2003-11-19
1993.0,2003-11-20
1991.0,2003-11-21
1989.0,2003-11-22
1987.0,2003-11-23
1985.0,2003-11-24
1983.0,2003-11-25
1981.0,2003-11-26
1979.0,2003-11-27
1977.0,2003-11-28
1975.0,2003-11-29
1992.0,2003-11-30
1990.0,2003-12-01
1988.0,2003-12-02
1986.0,2003-12-03
1984.0,2003-12-04
1982.0,2003-12-05
1981.0,2003-12-06
1979.0,2003-12-07
1977.0,2003-12-08
1975.0,2003-12-09
1973.0,2003-12-10
1971.0,2003-12-11
1969.0,2003-12-12
1967.0,2003-12-13
1965.0,2003-12-14
1963.0,2003-12-15
1961.0,2003-12-16
1959.0,2003-12-17
1957.0,2003-12-18
1955.0,2003-12-19
1953.0,2003-12-20
1951.0,2003-12-21
1949.0,2003-12-22
1947.0,2003-12-23
1945.0,2003-12-24
1943.0,2003-12-25
1941.0,2003-12-26
1891.0,2003-12-27
1889.0,2003-12-28
1887.0,2003-12-29
1885.0,2003-12-30
1883.0,2003-12-31
1881.0,2004-01-01
1880.0,2004-01-02
1878.0,2004-01-03
1876.0,2004-01-04
1874.0,2004-01-05
1872.0,2004-01-06
1870.0,2004-01-07
1868.0,2004-01-08
1866.0,2004-01-09
1865.0,2004-01-10
1863.0,2004-01-11
1861.0,2004-01-12
1859.0,2004-01-13
1857.0,2004-01-14
1855.0,2004-01-15
1853.0,2004-01-16
1852.0,2004-01-17
1850.0,2004-01-18
1848.0,2004-01-19
1846.0,2004-01-20
1844.0,2004-01-21
1842.0,2004-01-22
1840.0,2004-01-23
1839.0,2004-01-24
1837.0,2004-01-25
1835.0,2004-01-26
1833.0,2004-01-27
1831.0,2004-01-28
1829.0,2004-01-29
1828.0,2004-01-30
1826.0,2004-01-31
1824.0,2004-02-01
1822.0,2004-02-02
1820.0,2004-02-03
1818.0,2004-02-04
1817.0,2004-02-05
1815.0,2004-02-06
1813.0,2004-02-07
1811.0,2004-02-08
1809.0,2004-02-09
1808.0,2004-02-10
1806.0,2004-02-11
1804.0,2004-02-12
1802.0,2004-02-13
1800.0,2004-02-14
1799.0,2004-02-15
1797.0,2004-02-16
1795.0,2004-02-17
1793.0,2004-02-18
1791.0,2004-02-19
1745.0,2004-02-20
1743.0,2004-02-21
1741.0,2004-02-22
1740.0,2004-02-23
1738.0,2004-02-24
1736.0,2004-02-25
1734.0,2004-02-26
1733.0,2004-02-27
1731.0,2004-02-28
1729.0,2004-02-29
1728.0,2004-03-01
1726.0,2004-03-02
1724.0,2004-03-03
1722.0,2004-03-04
1721.0,2004-03-05
1719.0,2004-03-06
1717.0,2004-03-07
1715.0,2004-03-08
1714.0,2004-03-09
1712.0,2004-03-10
1710.0,2004-03-11
1709.0,2004-03-12
1707.0,2004-03-13
1705.0,2004-03-14
1703.0,2004-03-15
1702.0,2004-03-16
1700.0,2004-03-17
1698.0,2004-03-18
1697.0,2004-03-19
1695.0,2004-03-20
1693.0,2004-03-21
1692.0,2004-03-22
1690.0,2004-03-23
1688.0,2004-03-24
1687.0,2004-03-25
1685.0,2004-03-26
1683.0,2004-03-27
1681.0,2004-03-28
1680.0,2004-03-29
1678.0,2004-03-30
1676.0,2004-03-31
1675.0,2004-04-01
1673.0,2004-04-02
1671.0,2004-04-03
1670.0,2004-04-04
1668.0,2004-04-05
1666.0,2004-04-06
1665.0,2004-04-07
1663.0,2004-04-08
1661.0,2004-04-09
1660.0,2004-04-10
1658.0,2004-04-11
1656.0,2004-04-12
1655.0,2004-04-13
1653.0,2004-04-14
1651.0,2004-04-15
1650.0,2004-04-16
1648.0,2004-04-17
1647.0,2004-04-18
1645.0,2004-04-19
1643.0,2004-04-20
1642.0,2004-04-21
1640.0,2004-04-22
1638.0,2004-04-23
1637.0,2004-04-24
1635.0,2004-04-25
1633.0,2004-04-26
1632.0,2004-04-27
1630.0,2004-04-28
1628.0,2004-04-29
1627.0,2004-04-30
1625.0,2004-05-01
1624.0,2004-05-02
1622.0,2004-05-03
1620.0,2004-05-04
1619.0,2004-05-05
1617.0,2004-05-06
1616.0,2004-05-07
1614.0,2004-05-08
1612.0,2004-05-09
1611.0,2004-05-10
1609.0,2004-05-11
1607.0,2004-05-12
1606.0,2004-05-13
1604.0,2004-05-14
1603.0,2004-05-15
1601.0,2004-05-16
1599.0,2004-05-17
1598.0,2004-05-18
1596.0,2004-05-19
1595.0,2004-05-20
1593.0,2004-05-21
1591.0,2004-05-22
1550.0,2004-05-23
1549.0,2004-05-24
1547.0,2004-05-25
1545.0,2004-05-26
1544.0,2004-05-27
1542.0,2004-05-28
1541.0,2004-05-29
1539.0,2004-05-30
1538.0,2004-05-31
1536.0,2004-06-01
1535.0,2004-06-02
1533.0,2004-06-03
1532.0,2004-06-04
1530.0,2004-06-05
1529.0,2004-06-06
1527.0,2004-06-07
1525.0,2004-06-08
1524.0,2004-06-09
1522.0,2004-06-10
1521.0,2004-06-11
1519.0,2004-06-12
1518.0,2004-06-13
1516.0,2004-06-14
1515.0,2004-06-15
1513.0,2004-06-16
1512.0,2004-06-17
1510.0,2004-06-18
1509.0,2004-06-19
1507.0,2004-06-20
1506.0,2004-06-21
1504.0,2004-06-22
1503.0,2004-06-23
1501.0,2004-06-24
1500.0,2004-06-25
1498.0,2004-06-26
1497.0,2004-06-27
1495.0,2004-06-28
1494.0,2004-06-29
1492.0,2004-06-30
1491.0,2004-07-01
1489.0,2004-07-02
1488.0,2004-07-03
1486.0,2004-07-04
1485.0,2004-07-05
1483.0,2004-07-06
1482.0,2004-07-07
1480.0,2004-07-08
1479.0,2004-07-09
1477.0,2004-07-10
1476.0,2004-07-11
1474.0,2004-07-12
1473.0,2004-07-13
1472.0,2004-07-14
1470.0,2004-07-15
1469.0,2004-07-16
1467.0,2004-07-17
1466.0,2004-07-18
1464.0,2004-07-19
1463.0,2004-07-20
1461.0,2004-07-21
1460.0,2004-07-22
1458.0,2004-07-23
1457.0,2004-07-24
1455.0,2004-07-25
1454.0,2004-07-26
1453.0,2004-07-27
1451.0,2004-07-28
1450.0,2004-07-29
1448.0,2004-07-30
1447.0,2004-07-31
1445.0,2004-08-01
1444.0,2004-08-02
1442.0,2004-08-03
1441.0,2004-08-04
1439.0,2004-08-05
1438.0,2004-08-06
1437.0,2004-08-07
1435.0,2004-08-08
1434.0,2004-08-09
1432.0,2004-08-10
1431.0,2004-08-11
1429.0,2004-08-12
1428.0,2004-08-13
1427.0,2004-08-14
1425.0,2004-08-15
1424.0,2004-08-16
1422.0,2004-08-17
1421.0,2004-08-18
1419.0,2004-08-19
1418.0,2004-08-20
1417.0,2004-08-21
1415.0,2004-08-22
1414.0,2004-08-23
1412.0,2004-08-24
1411.0,2004-08-25
1410.0,2004-08-26
1408.0,2004-08-27
1407.0,2004-08-28
1405.0,2004-08-29
1404.0,2004-08-30
1403.0,2004-08-31
1401.0,2004-09-01
1400.0,2004-09-02
1398.0,2004-09-03
1397.0,2004-09-04
1396.0,2004-09-05
1394.0,2004-09-06
1393.0,2004-09-07
1391.0,2004-09-08
1390.0,2004-09-09
1389.0,2004-09-10
1387.0,2004-09-11
1386.0,2004-09-12
1384.0,2004-09-13
1383.0,2004-09-14
1347.0,2004-09-15
1359.0,2004-09-16
1358.0,2004-09-17
1356.0,2004-09-18
1355.0,2004-09-19
1354.0,2004-09-20
1352.0,2004-09-21
1351.0,2004-09-22
1350.0,2004-09-23
1348.0,2004-09-24
1347.0,2004-09-25
1346.0,2004-09-26
1344.0,2004-09-27
1343.0,2004-09-28
1342.0,2004-09-29
1340.0,2004-09-30
1339.0,2004-10-01
1338.0,2004-10-02
1336.0,2004-10-03
1335.0,2004-10-04
1334.0,2004-10-05
1332.0,2004-10-06
1331.0,2004-10-07
1330.0,2004-10-08
1328.0,2004-10-09
1327.0,2004-10-10
1326.0,2004-10-11
1324.0,2004-10-12
1323.0,2004-10-13
1335.0,2004-10-14
1334.0,2004-10-15
1332.0,2004-10-16
1331.0,2004-10-17
1330.0,2004-10-18
1328.0,2004-10-19
1327.0,2004-10-20
1326.0,2004-10-21
1324.0,2004-10-22
1323.0,2004-10-23
1322.0,2004-10-24
1320.0,2004-10-25
1319.0,2004-10-26
1318.0,2004-10-27
1316.0,2004-10-28
1315.0,2004-10-29
1314.0,2004-10-30
1312.0,2004-10-31
1311.0,2004-11-01
1310.0,2004-11-02
1308.0,2004-11-03
1307.0,2004-11-04
1306.0,2004-11-05
1272.0,2004-11-06
1271.0,2004-11-07
1269.0,2004-11-08
1268.0,2004-11-09
1267.0,2004-11-10
1266.0,2004-11-11
1264.0,2004-11-12
1263.0,2004-11-13
1262.0,2004-11-14
1273.0,2004-11-15
1272.0,2004-11-16
1271.0,2004-11-17
1269.0,2004-11-18
1268.0,2004-11-19
1267.0,2004-11-20
1265.0,2004-11-21
1264.0,2004-11-22
1263.0,2004-11-23
1262.0,2004-11-24
1260.0,2004-11-25
1259.0,2004-11-26
1258.0,2004-11-27
1257.0,2004-11-28
1255.0,2004-11-29
1254.0,2004-11-30
1253.0,2004-12-01
1252.0,2004-12-02
1250.0,2004-12-03
1249.0,2004-12-04
1217.0,2004-12-05
1215.0,2004-12-06
1214.0,2004-12-07
1213.0,2004-12-08
1212.0,2004-12-09
1211.0,2004-12-10
1209.0,2004-12-11
1178.0,2004-12-12
1177.0,2004-12-13
1176.0,2004-12-14
1145.0,2004-12-15
1144.0,2004-12-16
1143.0,2004-12-17
1142.0,2004-12-18
1141.0,2004-12-19
1139.0,2004-12-20
1138.0,2004-12-21
1137.0,2004-12-22
1136.0,2004-12-23
1135.0,2004-12-24
1134.0,2004-12-25
1133.0,2004-12-26
1131.0,2004-12-27
1130.0,2004-12-28
1129.0,2004-12-29
1128.0,2004-12-30
1127.0,2004-12-31
1098.0,2005-01-01
1097.0,2005-01-02
1095.0,2005-01-03
1094.0,2005-01-04
1093.0,2005-01-05
1092.0,2005-01-06
1091.0,2005-01-07
1090.0,2005-01-08
1089.0,2005-01-09
1088.0,2005-01-10
1087.0,2005-01-11
1086.0,2005-01-12
1085.0,2005-01-13
1083.0,2005-01-14
1082.0,2005-01-15
1081.0,2005-01-16
1080.0,2005-01-17
1079.0,2005-01-18
1078.0,2005-01-19
1077.0,2005-01-20
1076.0,2005-01-21
1075.0,2005-01-22
1074.0,2005-01-23
1073.0,2005-01-24
1072.0,2005-01-25
1071.0,2005-01-26
1069.0,2005-01-27
1068.0,2005-01-28
1067.0,2005-01-29
1066.0,2005-01-30
1065.0,2005-01-31
1064.0,2005-02-01
1063.0,2005-02-02
1062.0,2005-02-03
1061.0,2005-02-04
1060.0,2005-02-05
1059.0,2005-02-06
1058.0,2005-02-07
1057.0,2005-02-08
1056.0,2005-02-09
1055.0,2005-02-10
1054.0,2005-02-11
1052.0,2005-02-12
1051.0,2005-02-13
1050.0,2005-02-14
1049.0,2005-02-15
1048.0,2005-02-16
1047.0,2005-02-17
1046.0,2005-02-18
1045.0,2005-02-19
1044.0,2005-02-20
1043.0,2005-02-21
1042.0,2005-02-22
1041.0,2005-02-23
1040.0,2005-02-24
1039.0,2005-02-25
1038.0,2005-02-26
1037.0,2005-02-27
1036.0,2005-02-28
1035.0,2005-03-01
1034.0,2005-03-02
1033.0,2005-03-03
1032.0,2005-03-04
1031.0,2005-03-05
1030.0,2005-03-06
1029.0,2005-03-07
1027.0,2005-03-08
1026.0,2005-03-09
1025.0,2005-03-10
1024.0,2005-03-11
1023.0,2005-03-12
1022.0,2005-03-13
1021.0,2005-03-14
1020.0,2005-03-15
1019.0,2005-03-16
1018.0,2005-03-17
1017.0,2005-03-18
991.0,2005-03-19
990.0,2005-03-20
964.0,2005-03-21
963.0,2005-03-22
962.0,2005-03-23
961.0,2005-03-24
936.0,2005-03-25
935.0,2005-03-26
934.0,2005-03-27
933.0,2005-03-28
909.0,2005-03-29
908.0,2005-03-30
907.0,2005-03-31
906.0,2005-04-01
906.0,2005-04-02
905.0,2005-04-03
904.0,2005-04-04
903.0,2005-04-05
902.0,2005-04-06
901.0,2005-04-07
900.0,2005-04-08
899.0,2005-04-09
898.0,2005-04-10
897.0,2005-04-11
897.0,2005-04-12
896.0,2005-04-13
895.0,2005-04-14
894.0,2005-04-15
893.0,2005-04-16
892.0,2005-04-17
891.0,2005-04-18
890.0,2005-04-19
889.0,2005-04-20
889.0,2005-04-21
888.0,2005-04-22
887.0,2005-04-23
886.0,2005-04-24
885.0,2005-04-25
884.0,2005-04-26
883.0,2005-04-27
882.0,2005-04-28
881.0,2005-04-29
881.0,2005-04-30
880.0,2005-05-01
879.0,2005-05-02
878.0,2005-05-03
877.0,2005-05-04
876.0,2005-05-05
875.0,2005-05-06
874.0,2005-05-07
874.0,2005-05-08
873.0,2005-05-09
872.0,2005-05-10
871.0,2005-05-11
870.0,2005-05-12
869.0,2005-05-13
868.0,2005-05-14
867.0,2005-05-15
867.0,2005-05-16
866.0,2005-05-17
865.0,2005-05-18
864.0,2005-05-19
863.0,2005-05-20
862.0,2005-05-21
861.0,2005-05-22
861.0,2005-05-23
860.0,2005-05-24
859.0,2005-05-25
858.0,2005-05-26
857.0,2005-05-27
856.0,2005-05-28
855.0,2005-05-29
855.0,2005-05-30
854.0,2005-05-31
853.0,2005-06-01
852.0,2005-06-02
851.0,2005-06-03
850.0,2005-06-04
849.0,2005-06-05
849.0,2005-06-06
848.0,2005-06-07
847.0,2005-06-08
846.0,2005-06-09
845.0,2005-06-10
844.0,2005-06-11
843.0,2005-06-12
843.0,2005-06-13
842.0,2005-06-14
841.0,2005-06-15
840.0,2005-06-16
839.0,2005-06-17
838.0,2005-06-18
838.0,2005-06-19
837.0,2005-06-20
836.0,2005-06-21
835.0,2005-06-22
834.0,2005-06-23
833.0,2005-06-24
833.0,2005-06-25
832.0,2005-06-26
831.0,2005-06-27
830.0,2005-06-28
829.0,2005-06-29
828.0,2005-06-30
828.0,2005-07-01
827.0,2005-07-02
826.0,2005-07-03
825.0,2005-07-04
824.0,2005-07-05
823.0,2005-07-06
823.0,2005-07-07
822.0,2005-07-08
821.0,2005-07-09
820.0,2005-07-10
819.0,2005-07-11
819.0,2005-07-12
818.0,2005-07-13
817.0,2005-07-14
816.0,2005-07-15
815.0,2005-07-16
814.0,2005-07-17
814.0,2005-07-18
813.0,2005-07-19
812.0,2005-07-20
811.0,2005-07-21
810.0,2005-07-22
810.0,2005-07-23
809.0,2005-07-24
808.0,2005-07-25
807.0,2005-07-26
806.0,2005-07-27
806.0,2005-07-28
805.0,2005-07-29
804.0,2005-07-30
803.0,2005-07-31
802.0,2005-08-01
802.0,2005-08-02
801.0,2005-08-03
800.0,2005-08-04
799.0,2005-08-05
798.0,2005-08-06
798.0,2005-08-07
797.0,2005-08-08
796.0,2005-08-09
795.0,2005-08-10
794.0,2005-08-11
794.0,2005-08-12
793.0,2005-08-13
792.0,2005-08-14
791.0,2005-08-15
790.0,2005-08-16
790.0,2005-08-17
789.0,2005-08-18
788.0,2005-08-19
787.0,2005-08-20
786.0,2005-08-21
786.0,2005-08-22
785.0,2005-08-23
784.0,2005-08-24
783.0,2005-08-25
783.0,2005-08-26
782.0,2005-08-27
781.0,2005-08-28
780.0,2005-08-29
779.0,2005-08-30
779.0,2005-08-31
778.0,2005-09-01
777.0,2005-09-02
776.0,2005-09-03
776.0,2005-09-04
775.0,2005-09-05
774.0,2005-09-06
773.0,2005-09-07
772.0,2005-09-08
772.0,2005-09-09
771.0,2005-09-10
770.0,2005-09-11
769.0,2005-09-12
769.0,2005-09-13
768.0,2005-09-14
767.0,2005-09-15
766.0,2005-09-16
765.0,2005-09-17
765.0,2005-09-18
764.0,2005-09-19
763.0,2005-09-20
762.0,2005-09-21
762.0,2005-09-22
761.0,2005-09-23
760.0,2005-09-24
759.0,2005-09-25
759.0,2005-09-26
758.0,2005-09-27
757.0,2005-09-28
737.0,2005-09-29
737.0,2005-09-30
736.0,2005-10-01
735.0,2005-10-02
734.0,2005-10-03
734.0,2005-10-04
733.0,2005-10-05
732.0,2005-10-06
732.0,2005-10-07
731.0,2005-10-08
730.0,2005-10-09
729.0,2005-10-10
729.0,2005-10-11
728.0,2005-10-12
727.0,2005-10-13
708.0,2005-10-14
708.0,2005-10-15
707.0,2005-10-16
706.0,2005-10-17
705.0,2005-10-18
705.0,2005-10-19
704.0,2005-10-20
703.0,2005-10-21
703.0,2005-10-22
702.0,2005-10-23
701.0,2005-10-24
701.0,2005-10-25
700.0,2005-10-26
699.0,2005-10-27
698.0,2005-10-28
698.0,2005-10-29
697.0,2005-10-30
696.0,2005-10-31
696.0,2005-11-01
695.0,2005-11-02
694.0,2005-11-03
694.0,2005-11-04
693.0,2005-11-05
692.0,2005-11-06
691.0,2005-11-07
691.0,2005-11-08
690.0,2005-11-09
689.0,2005-11-10
689.0,2005-11-11
688.0,2005-11-12
687.0,2005-11-13
687.0,2005-11-14
686.0,2005-11-15
685.0,2005-11-16
685.0,2005-11-17
684.0,2005-11-18
683.0,2005-11-19
683.0,2005-11-20
682.0,2005-11-21
681.0,2005-11-22
681.0,2005-11-23
680.0,2005-11-24
679.0,2005-11-25
662.0,2005-11-26
661.0,2005-11-27
660.0,2005-11-28
660.0,2005-11-29
659.0,2005-11-30
658.0,2005-12-01
658.0,2005-12-02
657.0,2005-12-03
656.0,2005-12-04
656.0,2005-12-05
655.0,2005-12-06
654.0,2005-12-07
654.0,2005-12-08
653.0,2005-12-09
652.0,2005-12-10
652.0,2005-12-11
651.0,2005-12-12
650.0,2005-12-13
650.0,2005-12-14
649.0,2005-12-15
648.0,2005-12-16
648.0,2005-12-17
647.0,2005-12-18
646.0,2005-12-19
646.0,2005-12-20
645.0,2005-12-21
645.0,2005-12-22
644.0,2005-12-23
643.0,2005-12-24
643.0,2005-12-25
642.0,2005-12-26
641.0,2005-12-27
641.0,2005-12-28
640.0,2005-12-29
639.0,2005-12-30
639.0,2005-12-31
638.0,2006-01-01
637.0,2006-01-02
637.0,2006-01-03
636.0,2006-01-04
636.0,2006-01-05
635.0,2006-01-06
634.0,2006-01-07
634.0,2006-01-08
633.0,2006-01-09
632.0,2006-01-10
632.0,2006-01-11
631.0,2006-01-12
630.0,2006-01-13
630.0,2006-01-14
629.0,2006-01-15
629.0,2006-01-16
628.0,2006-01-17
627.0,2006-01-18
627.0,2006-01-19
626.0,2006-01-20
625.0,2006-01-21
625.0,2006-01-22
624.0,2006-01-23
624.0,2006-01-24
623.0,2006-01-25
622.0,2006-01-26
606.0,2006-01-27
612.0,2006-01-28
611.0,2006-01-29
610.0,2006-01-30
610.0,2006-01-31
609.0,2006-02-01
609.0,2006-02-02
608.0,2006-02-03
607.0,2006-02-04
607.0,2006-02-05
606.0,2006-02-06
606.0,2006-02-07
605.0,2006-02-08
604.0,2006-02-09
604.0,2006-02-10
603.0,2006-02-11
603.0,2006-02-12
602.0,2006-02-13
601.0,2006-02-14
601.0,2006-02-15
600.0,2006-02-16
600.0,2006-02-17
599.0,2006-02-18
598.0,2006-02-19
598.0,2006-02-20
597.0,2006-02-21
597.0,2006-02-22
596.0,2006-02-23
595.0,2006-02-24
595.0,2006-02-25
594.0,2006-02-26
594.0,2006-02-27
593.0,2006-02-28
592.0,2006-03-01
592.0,2006-03-02
591.0,2006-03-03
591.0,2006-03-04
590.0,2006-03-05
589.0,2006-03-06
589.0,2006-03-07
588.0,2006-03-08
588.0,2006-03-09
587.0,2006-03-10
586.0,2006-03-11
586.0,2006-03-12
585.0,2006-03-13
585.0,2006-03-14
584.0,2006-03-15
584.0,2006-03-16
583.0,2006-03-17
582.0,2006-03-18
582.0,2006-03-19
581.0,2006-03-20
581.0,2006-03-21
580.0,2006-03-22
579.0,2006-03-23
579.0,2006-03-24
578.0,2006-03-25
578.0,2006-03-26
577.0,2006-03-27
582.0,2006-03-28
582.0,2006-03-29
567.0,2006-03-30
566.0,2006-03-31
566.0,2006-04-01
565.0,2006-04-02
564.0,2006-04-03
564.0,2006-04-04
563.0,2006-04-05
563.0,2006-04-06
562.0,2006-04-07
562.0,2006-04-08
561.0,2006-04-09
560.0,2006-04-10
560.0,2006-04-11
559.0,2006-04-12
559.0,2006-04-13
558.0,2006-04-14
558.0,2006-04-15
557.0,2006-04-16
557.0,2006-04-17
556.0,2006-04-18
555.0,2006-04-19
555.0,2006-04-20
554.0,2006-04-21
554.0,2006-04-22
553.0,2006-04-23
553.0,2006-04-24
552.0,2006-04-25
552.0,2006-04-26
551.0,2006-04-27
550.0,2006-04-28
550.0,2006-04-29
549.0,2006-04-30
549.0,2006-05-01
548.0,2006-05-02
548.0,2006-05-03
547.0,2006-05-04
547.0,2006-05-05
546.0,2006-05-06
545.0,2006-05-07
545.0,2006-05-08
544.0,2006-05-09
544.0,2006-05-10
543.0,2006-05-11
543.0,2006-05-12
542.0,2006-05-13
542.0,2006-05-14
541.0,2006-05-15
541.0,2006-05-16
540.0,2006-05-17
540.0,2006-05-18
539.0,2006-05-19
538.0,2006-05-20
538.0,2006-05-21
537.0,2006-05-22
537.0,2006-05-23
536.0,2006-05-24
536.0,2006-05-25
535.0,2006-05-26
535.0,2006-05-27
534.0,2006-05-28
534.0,2006-05-29
533.0,2006-05-30
533.0,2006-05-31
532.0,2006-06-01
531.0,2006-06-02
531.0,2006-06-03
530.0,2006-06-04
530.0,2006-06-05
529.0,2006-06-06
529.0,2006-06-07
528.0,2006-06-08
528.0,2006-06-09
527.0,2006-06-10
527.0,2006-06-11
526.0,2006-06-12
526.0,2006-06-13
525.0,2006-06-14
525.0,2006-06-15
524.0,2006-06-16
524.0,2006-06-17
510.0,2006-06-18
509.0,2006-06-19
509.0,2006-06-20
508.0,2006-06-21
508.0,2006-06-22
507.0,2006-06-23
507.0,2006-06-24
506.0,2006-06-25
506.0,2006-06-26
505.0,2006-06-27
505.0,2006-06-28
504.0,2006-06-29
504.0,2006-06-30
503.0,2006-07-01
503.0,2006-07-02
502.0,2006-07-03
502.0,2006-07-04
501.0,2006-07-05
501.0,2006-07-06
500.0,2006-07-07
500.0,2006-07-08
499.0,2006-07-09
499.0,2006-07-10
498.0,2006-07-11
498.0,2006-07-12
497.0,2006-07-13
497.0,2006-07-14
496.0,2006-07-15
496.0,2006-07-16
495.0,2006-07-17
495.0,2006-07-18
494.0,2006-07-19
494.0,2006-07-20
493.0,2006-07-21
493.0,2006-07-22
480.0,2006-07-23
480.0,2006-07-24
479.0,2006-07-25
479.0,2006-07-26
478.0,2006-07-27
478.0,2006-07-28
477.0,2006-07-29
477.0,2006-07-30
476.0,2006-07-31
476.0,2006-08-01
475.0,2006-08-02
475.0,2006-08-03
474.0,2006-08-04
474.0,2006-08-05
473.0,2006-08-06
473.0,2006-08-07
472.0,2006-08-08
472.0,2006-08-09
472.0,2006-08-10
471.0,2006-08-11
471.0,2006-08-12
470.0,2006-08-13
470.0,2006-08-14
469.0,2006-08-15
469.0,2006-08-16
468.0,2006-08-17
468.0,2006-08-18
467.0,2006-08-19
467.0,2006-08-20
466.0,2006-08-21
466.0,2006-08-22
465.0,2006-08-23
465.0,2006-08-24
465.0,2006-08-25
464.0,2006-08-26
464.0,2006-08-27
463.0,2006-08-28
463.0,2006-08-29
462.0,2006-08-30
462.0,2006-08-31
461.0,2006-09-01
461.0,2006-09-02
460.0,2006-09-03
460.0,2006-09-04
459.0,2006-09-05
459.0,2006-09-06
459.0,2006-09-07
458.0,2006-09-08
458.0,2006-09-09
457.0,2006-09-10
457.0,2006-09-11
456.0,2006-09-12
456.0,2006-09-13
455.0,2006-09-14
443.0,2006-09-15
443.0,2006-09-16
443.0,2006-09-17
442.0,2006-09-18
442.0,2006-09-19
441.0,2006-09-20
441.0,2006-09-21
440.0,2006-09-22
440.0,2006-09-23
440.0,2006-09-24
439.0,2006-09-25
439.0,2006-09-26
438.0,2006-09-27
438.0,2006-09-28
437.0,2006-09-29
437.0,2006-09-30
426.0,2006-10-01
425.0,2006-10-02
425.0,2006-10-03
424.0,2006-10-04
424.0,2006-10-05
423.0,2006-10-06
412.0,2006-10-07
412.0,2006-10-08
412.0,2006-10-09
411.0,2006-10-10
411.0,2006-10-11
410.0,2006-10-12
410.0,2006-10-13
410.0,2006-10-14
409.0,2006-10-15
409.0,2006-10-16
408.0,2006-10-17
408.0,2006-10-18
412.0,2006-10-19
411.0,2006-10-20
411.0,2006-10-21
410.0,2006-10-22
410.0,2006-10-23
410.0,2006-10-24
409.0,2006-10-25
409.0,2006-10-26
408.0,2006-10-27
408.0,2006-10-28
407.0,2006-10-29
407.0,2006-10-30
407.0,2006-10-31
406.0,2006-11-01
406.0,2006-11-02
405.0,2006-11-03
405.0,2006-11-04
405.0,2006-11-05
404.0,2006-11-06
404.0,2006-11-07
403.0,2006-11-08
403.0,2006-11-09
403.0,2006-11-10
402.0,2006-11-11
402.0,2006-11-12
401.0,2006-11-13
401.0,2006-11-14
401.0,2006-11-15
400.0,2006-11-16
400.0,2006-11-17
399.0,2006-11-18
399.0,2006-11-19
399.0,2006-11-20
398.0,2006-11-21
398.0,2006-11-22
397.0,2006-11-23
397.0,2006-11-24
397.0,2006-11-25
396.0,2006-11-26
396.0,2006-11-27
395.0,2006-11-28
395.0,2006-11-29
395.0,2006-11-30
394.0,2006-12-01
394.0,2006-12-02
393.0,2006-12-03
393.0,2006-12-04
393.0,2006-12-05
392.0,2006-12-06
392.0,2006-12-07
391.0,2006-12-08
391.0,2006-12-09
391.0,2006-12-10
390.0,2006-12-11
390.0,2006-12-12
390.0,2006-12-13
389.0,2006-12-14
389.0,2006-12-15
388.0,2006-12-16
388.0,2006-12-17
388.0,2006-12-18
387.0,2006-12-19
387.0,2006-12-20
386.0,2006-12-21
386.0,2006-12-22
386.0,2006-12-23
385.0,2006-12-24
375.0,2006-12-25
375.0,2006-12-26
375.0,2006-12-27
374.0,2006-12-28
374.0,2006-12-29
373.0,2006-12-30
373.0,2006-12-31
373.0,2007-01-01
372.0,2007-01-02
372.0,2007-01-03
372.0,2007-01-04
371.0,2007-01-05
371.0,2007-01-06
370.0,2007-01-07
370.0,2007-01-08
370.0,2007-01-09
369.0,2007-01-10
369.0,2007-01-11
369.0,2007-01-12
368.0,2007-01-13
368.0,2007-01-14
367.0,2007-01-15
367.0,2007-01-16
367.0,2007-01-17
366.0,2007-01-18
366.0,2007-01-19
366.0,2007-01-20
365.0,2007-01-21
365.0,2007-01-22
365.0,2007-01-23
364.0,2007-01-24
364.0,2007-01-25
363.0,2007-01-26
363.0,2007-01-27
363.0,2007-01-28
362.0,2007-01-29
362.0,2007-01-30
362.0,2007-01-31
361.0,2007-02-01
361.0,2007-02-02
352.0,2007-02-03
351.0,2007-02-04
351.0,2007-02-05
350.0,2007-02-06
350.0,2007-02-07
350.0,2007-02-08
349.0,2007-02-09
340.0,2007-02-10
340.0,2007-02-11
340.0,2007-02-12
339.0,2007-02-13
339.0,2007-02-14
330.0,2007-02-15
330.0,2007-02-16
330.0,2007-02-17
329.0,2007-02-18
329.0,2007-02-19
329.0,2007-02-20
328.0,2007-02-21
328.0,2007-02-22
328.0,2007-02-23
327.0,2007-02-24
327.0,2007-02-25
327.0,2007-02-26
326.0,2007-02-27
326.0,2007-02-28
326.0,2007-03-01
325.0,2007-03-02
325.0,2007-03-03
325.0,2007-03-04
328.0,2007-03-05
327.0,2007-03-06
327.0,2007-03-07
327.0,2007-03-08
326.0,2007-03-09
318.0,2007-03-10
317.0,2007-03-11
317.0,2007-03-12
317.0,2007-03-13
316.0,2007-03-14
316.0,2007-03-15
316.0,2007-03-16
316.0,2007-03-17
315.0,2007-03-18
315.0,2007-03-19
315.0,2007-03-20
314.0,2007-03-21
314.0,2007-03-22
314.0,2007-03-23
313.0,2007-03-24
313.0,2007-03-25
313.0,2007-03-26
312.0,2007-03-27
312.0,2007-03-28
312.0,2007-03-29
311.0,2007-03-30
311.0,2007-03-31
311.0,2007-04-01
311.0,2007-04-02
310.0,2007-04-03
310.0,2007-04-04
310.0,2007-04-05
309.0,2007-04-06
309.0,2007-04-07
309.0,2007-04-08
308.0,2007-04-09
308.0,2007-04-10
308.0,2007-04-11
307.0,2007-04-12
307.0,2007-04-13
307.0,2007-04-14
307.0,2007-04-15
306.0,2007-04-16
306.0,2007-04-17
298.0,2007-04-18
298.0,2007-04-19
297.0,2007-04-20
297.0,2007-04-21
297.0,2007-04-22
296.0,2007-04-23
296.0,2007-04-24
296.0,2007-04-25
296.0,2007-04-26
295.0,2007-04-27
295.0,2007-04-28
295.0,2007-04-29
294.0,2007-04-30
294.0,2007-05-01
294.0,2007-05-02
294.0,2007-05-03
293.0,2007-05-04
293.0,2007-05-05
293.0,2007-05-06
292.0,2007-05-07
292.0,2007-05-08
292.0,2007-05-09
291.0,2007-05-10
291.0,2007-05-11
291.0,2007-05-12
291.0,2007-05-13
290.0,2007-05-14
290.0,2007-05-15
290.0,2007-05-16
289.0,2007-05-17
289.0,2007-05-18
289.0,2007-05-19
289.0,2007-05-20
288.0,2007-05-21
288.0,2007-05-22
288.0,2007-05-23
287.0,2007-05-24
287.0,2007-05-25
287.0,2007-05-26
287.0,2007-05-27
286.0,2007-05-28
286.0,2007-05-29
286.0,2007-05-30
285.0,2007-05-31
285.0,2007-06-01
285.0,2007-06-02
285.0,2007-06-03
284.0,2007-06-04
284.0,2007-06-05
284.0,2007-06-06
283.0,2007-06-07
283.0,2007-06-08
283.0,2007-06-09
283.0,2007-06-10
282.0,2007-06-11
282.0,2007-06-12
282.0,2007-06-13
281.0,2007-06-14
281.0,2007-06-15
281.0,2007-06-16
281.0,2007-06-17
280.0,2007-06-18
280.0,2007-06-19
280.0,2007-06-20
279.0,2007-06-21
279.0,2007-06-22
279.0,2007-06-23
279.0,2007-06-24
278.0,2007-06-25
278.0,2007-06-26
278.0,2007-06-27
278.0,2007-06-28
277.0,2007-06-29
277.0,2007-06-30
277.0,2007-07-01
276.0,2007-07-02
276.0,2007-07-03
276.0,2007-07-04
276.0,2007-07-05
278.0,2007-07-06
278.0,2007-07-07
278.0,2007-07-08
277.0,2007-07-09
277.0,2007-07-10
277.0,2007-07-11
276.0,2007-07-12
276.0,2007-07-13
276.0,2007-07-14
276.0,2007-07-15
275.0,2007-07-16
275.0,2007-07-17
275.0,2007-07-18
274.0,2007-07-19
274.0,2007-07-20
274.0,2007-07-21
274.0,2007-07-22
273.0,2007-07-23
273.0,2007-07-24
273.0,2007-07-25
273.0,2007-07-26
272.0,2007-07-27
272.0,2007-07-28
272.0,2007-07-29
271.0,2007-07-30
271.0,2007-07-31
271.0,2007-08-01
271.0,2007-08-02
270.0,2007-08-03
270.0,2007-08-04
270.0,2007-08-05
270.0,2007-08-06
269.0,2007-08-07
269.0,2007-08-08
269.0,2007-08-09
268.0,2007-08-10
268.0,2007-08-11
268.0,2007-08-12
268.0,2007-08-13
267.0,2007-08-14
267.0,2007-08-15
267.0,2007-08-16
267.0,2007-08-17
266.0,2007-08-18
266.0,2007-08-19
266.0,2007-08-20
266.0,2007-08-21
261.0,2007-08-22
261.0,2007-08-23
261.0,2007-08-24
261.0,2007-08-25
260.0,2007-08-26
260.0,2007-08-27
260.0,2007-08-28
259.0,2007-08-29
259.0,2007-08-30
259.0,2007-08-31
259.0,2007-09-01
258.0,2007-09-02
258.0,2007-09-03
258.0,2007-09-04
258.0,2007-09-05
257.0,2007-09-06
257.0,2007-09-07
257.0,2007-09-08
257.0,2007-09-09
256.0,2007-09-10
256.0,2007-09-11
256.0,2007-09-12
256.0,2007-09-13
255.0,2007-09-14
255.0,2007-09-15
255.0,2007-09-16
255.0,2007-09-17
254.0,2007-09-18
254.0,2007-09-19
254.0,2007-09-20
254.0,2007-09-21
253.0,2007-09-22
253.0,2007-09-23
253.0,2007-09-24
253.0,2007-09-25
252.0,2007-09-26
252.0,2007-09-27
246.0,2007-09-28
245.0,2007-09-29
245.0,2007-09-30
245.0,2007-10-01
245.0,2007-10-02
244.0,2007-10-03
244.0,2007-10-04
244.0,2007-10-05
244.0,2007-10-06
243.0,2007-10-07
243.0,2007-10-08
243.0,2007-10-09
243.0,2007-10-10
242.0,2007-10-11
242.0,2007-10-12
242.0,2007-10-13
242.0,2007-10-14
241.0,2007-10-15
241.0,2007-10-16
241.0,2007-10-17
241.0,2007-10-18
240.0,2007-10-19
240.0,2007-10-20
240.0,2007-10-21
240.0,2007-10-22
239.0,2007-10-23
239.0,2007-10-24
239.0,2007-10-25
239.0,2007-10-26
238.0,2007-10-27
238.0,2007-10-28
238.0,2007-10-29
238.0,2007-10-30
238.0,2007-10-31
237.0,2007-11-01
237.0,2007-11-02
237.0,2007-11-03
237.0,2007-11-04
236.0,2007-11-05
236.0,2007-11-06
236.0,2007-11-07
236.0,2007-11-08
235.0,2007-11-09
235.0,2007-11-10
235.0,2007-11-11
235.0,2007-11-12
234.0,2007-11-13
228.0,2007-11-14
228.0,2007-11-15
228.0,2007-11-16
228.0,2007-11-17
227.0,2007-11-18
227.0,2007-11-19
227.0,2007-11-20
227.0,2007-11-21
221.0,2007-11-22
221.0,2007-11-23
220.0,2007-11-24
220.0,2007-11-25
220.0,2007-11-26
220.0,2007-11-27
220.0,2007-11-28
219.0,2007-11-29
219.0,2007-11-30
219.0,2007-12-01
221.0,2007-12-02
221.0,2007-12-03
220.0,2007-12-04
220.0,2007-12-05
220.0,2007-12-06
220.0,2007-12-07
220.0,2007-12-08
219.0,2007-12-09
219.0,2007-12-10
219.0,2007-12-11
219.0,2007-12-12
218.0,2007-12-13
218.0,2007-12-14
218.0,2007-12-15
218.0,2007-12-16
218.0,2007-12-17
217.0,2007-12-18
217.0,2007-12-19
217.0,2007-12-20
217.0,2007-12-21
217.0,2007-12-22
216.0,2007-12-23
216.0,2007-12-24
216.0,2007-12-25
216.0,2007-12-26
215.0,2007-12-27
215.0,2007-12-28
215.0,2007-12-29
215.0,2007-12-30
215.0,2007-12-31
214.0,2008-01-01
214.0,2008-01-02
214.0,2008-01-03
214.0,2008-01-04
213.0,2008-01-05
213.0,2008-01-06
213.0,2008-01-07
213.0,2008-01-08
213.0,2008-01-09
212.0,2008-01-10
212.0,2008-01-11
212.0,2008-01-12
212.0,2008-01-13
212.0,2008-01-14
211.0,2008-01-15
211.0,2008-01-16
211.0,2008-01-17
211.0,2008-01-18
205.0,2008-01-19
205.0,2008-01-20
205.0,2008-01-21
205.0,2008-01-22
204.0,2008-01-23
199.0,2008-01-24
199.0,2008-01-25
199.0,2008-01-26
199.0,2008-01-27
198.0,2008-01-28
198.0,2008-01-29
198.0,2008-01-30
198.0,2008-01-31
198.0,2008-02-01
197.0,2008-02-02
197.0,2008-02-03
197.0,2008-02-04
197.0,2008-02-05
197.0,2008-02-06
196.0,2008-02-07
196.0,2008-02-08
196.0,2008-02-09
196.0,2008-02-10
196.0,2008-02-11
195.0,2008-02-12
195.0,2008-02-13
195.0,2008-02-14
195.0,2008-02-15
195.0,2008-02-16
194.0,2008-02-17
194.0,2008-02-18
194.0,2008-02-19
194.0,2008-02-20
194.0,2008-02-21
193.0,2008-02-22
193.0,2008-02-23
193.0,2008-02-24
193.0,2008-02-25
193.0,2008-02-26
192.0,2008-02-27
192.0,2008-02-28
192.0,2008-02-29
192.0,2008-03-01
192.0,2008-03-02
192.0,2008-03-03
191.0,2008-03-04
191.0,2008-03-05
191.0,2008-03-06
191.0,2008-03-07
191.0,2008-03-08
190.0,2008-03-09
190.0,2008-03-10
190.0,2008-03-11
190.0,2008-03-12
190.0,2008-03-13
189.0,2008-03-14
189.0,2008-03-15
189.0,2008-03-16
189.0,2008-03-17
189.0,2008-03-18
188.0,2008-03-19
188.0,2008-03-20
188.0,2008-03-21
188.0,2008-03-22
188.0,2008-03-23
188.0,2008-03-24
187.0,2008-03-25
187.0,2008-03-26
187.0,2008-03-27
187.0,2008-03-28
187.0,2008-03-29
186.0,2008-03-30
186.0,2008-03-31
186.0,2008-04-01
186.0,2008-04-02
186.0,2008-04-03
185.0,2008-04-04
185.0,2008-04-05
185.0,2008-04-06
185.0,2008-04-07
185.0,2008-04-08
185.0,2008-04-09
184.0,2008-04-10
184.0,2008-04-11
184.0,2008-04-12
184.0,2008-04-13
184.0,2008-04-14
183.0,2008-04-15
183.0,2008-04-16
183.0,2008-04-17
183.0,2008-04-18
183.0,2008-04-19
183.0,2008-04-20
182.0,2008-04-21
182.0,2008-04-22
182.0,2008-04-23
182.0,2008-04-24
182.0,2008-04-25
181.0,2008-04-26
181.0,2008-04-27
181.0,2008-04-28
181.0,2008-04-29
176.0,2008-04-30
176.0,2008-05-01
176.0,2008-05-02
176.0,2008-05-03
175.0,2008-05-04
175.0,2008-05-05
175.0,2008-05-06
175.0,2008-05-07
175.0,2008-05-08
175.0,2008-05-09
174.0,2008-05-10
174.0,2008-05-11
174.0,2008-05-12
174.0,2008-05-13
174.0,2008-05-14
174.0,2008-05-15
173.0,2008-05-16
173.0,2008-05-17
173.0,2008-05-18
173.0,2008-05-19
173.0,2008-05-20
173.0,2008-05-21
172.0,2008-05-22
172.0,2008-05-23
172.0,2008-05-24
172.0,2008-05-25
172.0,2008-05-26
172.0,2008-05-27
171.0,2008-05-28
171.0,2008-05-29
171.0,2008-05-30
171.0,2008-05-31
171.0,2008-06-01
170.0,2008-06-02
170.0,2008-06-03
170.0,2008-06-04
170.0,2008-06-05
170.0,2008-06-06
170.0,2008-06-07
169.0,2008-06-08
169.0,2008-06-09
169.0,2008-06-10
169.0,2008-06-11
169.0,2008-06-12
169.0,2008-06-13
168.0,2008-06-14
168.0,2008-06-15
168.0,2008-06-16
168.0,2008-06-17
168.0,2008-06-18
168.0,2008-06-19
167.0,2008-06-20
167.0,2008-06-21
167.0,2008-06-22
167.0,2008-06-23
167.0,2008-06-24
167.0,2008-06-25
166.0,2008-06-26
166.0,2008-06-27
166.0,2008-06-28
166.0,2008-06-29
166.0,2008-06-30
166.0,2008-07-01
165.0,2008-07-02
165.0,2008-07-03
165.0,2008-07-04
165.0,2008-07-05
165.0,2008-07-06
165.0,2008-07-07
164.0,2008-07-08
164.0,2008-07-09
164.0,2008-07-10
160.0,2008-07-11
160.0,2008-07-12
160.0,2008-07-13
159.0,2008-07-14
159.0,2008-07-15
159.0,2008-07-16
159.0,2008-07-17
159.0,2008-07-18
159.0,2008-07-19
158.0,2008-07-20
158.0,2008-07-21
158.0,2008-07-22
158.0,2008-07-23
158.0,2008-07-24
158.0,2008-07-25
157.0,2008-07-26
157.0,2008-07-27
157.0,2008-07-28
157.0,2008-07-29
158.0,2008-07-30
158.0,2008-07-31
158.0,2008-08-01
158.0,2008-08-02
158.0,2008-08-03
154.0,2008-08-04
154.0,2008-08-05
153.0,2008-08-06
153.0,2008-08-07
153.0,2008-08-08
153.0,2008-08-09
153.0,2008-08-10
153.0,2008-08-11
152.0,2008-08-12
152.0,2008-08-13
152.0,2008-08-14
152.0,2008-08-15
152.0,2008-08-16
152.0,2008-08-17
152.0,2008-08-18
151.0,2008-08-19
151.0,2008-08-20
151.0,2008-08-21
151.0,2008-08-22
151.0,2008-08-23
151.0,2008-08-24
150.0,2008-08-25
150.0,2008-08-26
150.0,2008-08-27
150.0,2008-08-28
150.0,2008-08-29
150.0,2008-08-30
150.0,2008-08-31
149.0,2008-09-01
149.0,2008-09-02
149.0,2008-09-03
149.0,2008-09-04
149.0,2008-09-05
149.0,2008-09-06
149.0,2008-09-07
148.0,2008-09-08
148.0,2008-09-09
148.0,2008-09-10
148.0,2008-09-11
148.0,2008-09-12
148.0,2008-09-13
148.0,2008-09-14
147.0,2008-09-15
147.0,2008-09-16
147.0,2008-09-17
148.0,2008-09-18
148.0,2008-09-19
148.0,2008-09-20
148.0,2008-09-21
148.0,2008-09-22
148.0,2008-09-23
147.0,2008-09-24
147.0,2008-09-25
147.0,2008-09-26
147.0,2008-09-27
147.0,2008-09-28
147.0,2008-09-29
143.0,2008-09-30
139.0,2008-10-01
139.0,2008-10-02
139.0,2008-10-03
139.0,2008-10-04
139.0,2008-10-05
139.0,2008-10-06
138.0,2008-10-07
135.0,2008-10-08
135.0,2008-10-09
135.0,2008-10-10
134.0,2008-10-11
134.0,2008-10-12
134.0,2008-10-13
134.0,2008-10-14
134.0,2008-10-15
134.0,2008-10-16
134.0,2008-10-17
133.0,2008-10-18
133.0,2008-10-19
133.0,2008-10-20
133.0,2008-10-21
133.0,2008-10-22
129.0,2008-10-23
129.0,2008-10-24
129.0,2008-10-25
129.0,2008-10-26
129.0,2008-10-27
129.0,2008-10-28
129.0,2008-10-29
129.0,2008-10-30
128.0,2008-10-31
128.0,2008-11-01
128.0,2008-11-02
128.0,2008-11-03
128.0,2008-11-04
128.0,2008-11-05
128.0,2008-11-06
128.0,2008-11-07
127.0,2008-11-08
127.0,2008-11-09
127.0,2008-11-10
127.0,2008-11-11
127.0,2008-11-12
127.0,2008-11-13
127.0,2008-11-14
127.0,2008-11-15
126.0,2008-11-16
126.0,2008-11-17
126.0,2008-11-18
126.0,2008-11-19
126.0,2008-11-20
126.0,2008-11-21
126.0,2008-11-22
126.0,2008-11-23
125.0,2008-11-24
125.0,2008-11-25
125.0,2008-11-26
125.0,2008-11-27
125.0,2008-11-28
125.0,2008-11-29
125.0,2008-11-30
125.0,2008-12-01
124.0,2008-12-02
124.0,2008-12-03
124.0,2008-12-04
124.0,2008-12-05
124.0,2008-12-06
124.0,2008-12-07
124.0,2008-12-08
124.0,2008-12-09
123.0,2008-12-10
123.0,2008-12-11
123.0,2008-12-12
123.0,2008-12-13
123.0,2008-12-14
123.0,2008-12-15
123.0,2008-12-16
123.0,2008-12-17
122.0,2008-12-18
124.0,2008-12-19
123.0,2008-12-20
123.0,2008-12-21
123.0,2008-12-22
123.0,2008-12-23
123.0,2008-12-24
123.0,2008-12-25
123.0,2008-12-26
123.0,2008-12-27
122.0,2008-12-28
119.0,2008-12-29
119.0,2008-12-30
119.0,2008-12-31
119.0,2009-01-01
116.0,2009-01-02
116.0,2009-01-03
116.0,2009-01-04
113.0,2009-01-05
112.0,2009-01-06
112.0,2009-01-07
112.0,2009-01-08
112.0,2009-01-09
112.0,2009-01-10
112.0,2009-01-11
112.0,2009-01-12
112.0,2009-01-13
112.0,2009-01-14
111.0,2009-01-15
111.0,2009-01-16
111.0,2009-01-17
111.0,2009-01-18
111.0,2009-01-19
111.0,2009-01-20
111.0,2009-01-21
111.0,2009-01-22
111.0,2009-01-23
110.0,2009-01-24
110.0,2009-01-25
110.0,2009-01-26
110.0,2009-01-27
110.0,2009-01-28
110.0,2009-01-29
110.0,2009-01-30
110.0,2009-01-31
110.0,2009-02-01
109.0,2009-02-02
109.0,2009-02-03
110.0,2009-02-04
110.0,2009-02-05
110.0,2009-02-06
110.0,2009-02-07
110.0,2009-02-08
110.0,2009-02-09
110.0,2009-02-10
110.0,2009-02-11
109.0,2009-02-12
109.0,2009-02-13
109.0,2009-02-14
109.0,2009-02-15
109.0,2009-02-16
109.0,2009-02-17
109.0,2009-02-18
109.0,2009-02-19
109.0,2009-02-20
108.0,2009-02-21
108.0,2009-02-22
108.0,2009-02-23
108.0,2009-02-24
108.0,2009-02-25
108.0,2009-02-26
108.0,2009-02-27
108.0,2009-02-28
108.0,2009-03-01
107.0,2009-03-02
107.0,2009-03-03
107.0,2009-03-04
107.0,2009-03-05
107.0,2009-03-06
107.0,2009-03-07
107.0,2009-03-08
107.0,2009-03-09
107.0,2009-03-10
107.0,2009-03-11
106.0,2009-03-12
106.0,2009-03-13
106.0,2009-03-14
106.0,2009-03-15
106.0,2009-03-16
106.0,2009-03-17
106.0,2009-03-18
106.0,2009-03-19
106.0,2009-03-20
105.0,2009-03-21
105.0,2009-03-22
105.0,2009-03-23
105.0,2009-03-24
105.0,2009-03-25
105.0,2009-03-26
105.0,2009-03-27
105.0,2009-03-28
105.0,2009-03-29
102.0,2009-03-30
102.0,2009-03-31
102.0,2009-04-01
102.0,2009-04-02
102.0,2009-04-03
101.0,2009-04-04
101.0,2009-04-05
101.0,2009-04-06
101.0,2009-04-07
101.0,2009-04-08
101.0,2009-04-09
101.0,2009-04-10
101.0,2009-04-11
101.0,2009-04-12
100.0,2009-04-13
100.0,2009-04-14
100.0,2009-04-15
100.0,2009-04-16
100.0,2009-04-17
100.0,2009-04-18
97.0,2009-04-19
97.0,2009-04-20
97.0,2009-04-21
97.0,2009-04-22
97.0,2009-04-23
97.0,2009-04-24
97.0,2009-04-25
97.0,2009-04-26
97.0,2009-04-27
97.0,2009-04-28
96.0,2009-04-29
96.0,2009-04-30
96.0,2009-05-01
96.0,2009-05-02
96.0,2009-05-03
96.0,2009-05-04
96.0,2009-05-05
96.0,2009-05-06
96.0,2009-05-07
96.0,2009-05-08
95.0,2009-05-09
95.0,2009-05-10
95.0,2009-05-11
95.0,2009-05-12
95.0,2009-05-13
93.0,2009-05-14
93.0,2009-05-15
92.0,2009-05-16
92.0,2009-05-17
92.0,2009-05-18
90.0,2009-05-19
90.0,2009-05-20
90.0,2009-05-21
90.0,2009-05-22
89.0,2009-05-23
89.0,2009-05-24
89.0,2009-05-25
89.0,2009-05-26
89.0,2009-05-27
89.0,2009-05-28
89.0,2009-05-29
89.0,2009-05-30
89.0,2009-05-31
89.0,2009-06-01
89.0,2009-06-02
89.0,2009-06-03
88.0,2009-06-04
88.0,2009-06-05
88.0,2009-06-06
88.0,2009-06-07
88.0,2009-06-08
88.0,2009-06-09
88.0,2009-06-10
88.0,2009-06-11
88.0,2009-06-12
88.0,2009-06-13
88.0,2009-06-14
87.0,2009-06-15
87.0,2009-06-16
87.0,2009-06-17
87.0,2009-06-18
87.0,2009-06-19
87.0,2009-06-20
87.0,2009-06-21
87.0,2009-06-22
87.0,2009-06-23
87.0,2009-06-24
87.0,2009-06-25
86.0,2009-06-26
86.0,2009-06-27
86.0,2009-06-28
86.0,2009-06-29
86.0,2009-06-30
86.0,2009-07-01
86.0,2009-07-02
86.0,2009-07-03
86.0,2009-07-04
86.0,2009-07-05
86.0,2009-07-06
86.0,2009-07-07
85.0,2009-07-08
85.0,2009-07-09
85.0,2009-07-10
85.0,2009-07-11
85.0,2009-07-12
85.0,2009-07-13
85.0,2009-07-14
85.0,2009-07-15
85.0,2009-07-16
85.0,2009-07-17
85.0,2009-07-18
85.0,2009-07-19
84.0,2009-07-20
84.0,2009-07-21
84.0,2009-07-22
84.0,2009-07-23
84.0,2009-07-24
84.0,2009-07-25
84.0,2009-07-26
84.0,2009-07-27
84.0,2009-07-28
84.0,2009-07-29
84.0,2009-07-30
84.0,2009-07-31
83.0,2009-08-01
83.0,2009-08-02
83.0,2009-08-03
83.0,2009-08-04
83.0,2009-08-05
83.0,2009-08-06
83.0,2009-08-07
81.0,2009-08-08
81.0,2009-08-09
81.0,2009-08-10
81.0,2009-08-11
80.0,2009-08-12
80.0,2009-08-13
80.0,2009-08-14
80.0,2009-08-15
80.0,2009-08-16
80.0,2009-08-17
81.0,2009-08-18
81.0,2009-08-19
81.0,2009-08-20
81.0,2009-08-21
80.0,2009-08-22
80.0,2009-08-23
80.0,2009-08-24
80.0,2009-08-25
80.0,2009-08-26
80.0,2009-08-27
80.0,2009-08-28
80.0,2009-08-29
80.0,2009-08-30
80.0,2009-08-31
80.0,2009-09-01
80.0,2009-09-02
79.0,2009-09-03
79.0,2009-09-04
79.0,2009-09-05
79.0,2009-09-06
79.0,2009-09-07
79.0,2009-09-08
79.0,2009-09-09
79.0,2009-09-10
79.0,2009-09-11
79.0,2009-09-12
79.0,2009-09-13
79.0,2009-09-14
79.0,2009-09-15
78.0,2009-09-16
78.0,2009-09-17
78.0,2009-09-18
78.0,2009-09-19
78.0,2009-09-20
78.0,2009-09-21
78.0,2009-09-22
78.0,2009-09-23
78.0,2009-09-24
78.0,2009-09-25
78.0,2009-09-26
78.0,2009-09-27
78.0,2009-09-28
77.0,2009-09-29
77.0,2009-09-30
77.0,2009-10-01
77.0,2009-10-02
77.0,2009-10-03
77.0,2009-10-04
77.0,2009-10-05
77.0,2009-10-06
77.0,2009-10-07
77.0,2009-10-08
77.0,2009-10-09
77.0,2009-10-10
77.0,2009-10-11
76.0,2009-10-12
76.0,2009-10-13
76.0,2009-10-14
76.0,2009-10-15
76.0,2009-10-16
76.0,2009-10-17
76.0,2009-10-18
76.0,2009-10-19
76.0,2009-10-20
76.0,2009-10-21
76.0,2009-10-22
76.0,2009-10-23
76.0,2009-10-24
75.0,2009-10-25
75.0,2009-10-26
75.0,2009-10-27
75.0,2009-10-28
75.0,2009-10-29
75.0,2009-10-30
75.0,2009-10-31
75.0,2009-11-01
75.0,2009-11-02
75.0,2009-11-03
75.0,2009-11-04
75.0,2009-11-05
75.0,2009-11-06
74.0,2009-11-07
74.0,2009-11-08
74.0,2009-11-09
74.0,2009-11-10
74.0,2009-11-11
74.0,2009-11-12
74.0,2009-11-13
74.0,2009-11-14
74.0,2009-11-15
74.0,2009-11-16
74.0,2009-11-17
74.0,2009-11-18
74.0,2009-11-19
74.0,2009-11-20
73.0,2009-11-21
73.0,2009-11-22
73.0,2009-11-23
73.0,2009-11-24
73.0,2009-11-25
73.0,2009-11-26
73.0,2009-11-27
73.0,2009-11-28
73.0,2009-11-29
73.0,2009-11-30
73.0,2009-12-01
73.0,2009-12-02
73.0,2009-12-03
73.0,2009-12-04
72.0,2009-12-05
72.0,2009-12-06
72.0,2009-12-07
72.0,2009-12-08
72.0,2009-12-09
72.0,2009-12-10
72.0,2009-12-11
72.0,2009-12-12
72.0,2009-12-13
72.0,2009-12-14
72.0,2009-12-15
72.0,2009-12-16
72.0,2009-12-17
71.0,2009-12-18
71.0,2009-12-19
71.0,2009-12-20
71.0,2009-12-21
71.0,2009-12-22
71.0,2009-12-23
71.0,2009-12-24
71.0,2009-12-25
71.0,2009-12-26
71.0,2009-12-27
71.0,2009-12-28
71.0,2009-12-29
71.0,2009-12-30
71.0,2009-12-31
